Workbook

Sheet Checklist
C1: CHECKLIST GDS
C2: ID Logistics - Site de La Brède
C3: Mise à jour faite le : | H3: Version v1.0
A5: Équipe GDS gérée par GIRAUDO Maxime - Responsable de service et PAYEN Patrick - Chef d'équipe
A7: N° | B7: Tâche | C7: Périodicité | D7: Titulaire | E7: Poste | F7: Suppléant 1 | G7: Suppléant 2 | H7: Outil | I7: Particularité
A8: =IF(Tâches!A4=0,"",Tâches!A4) -> 1 | B8: =IF(Tâches!B4="","",Tâches!B4) -> Alerte et Retrait | C8: Si Alerte | D8: PAYEN Patrick | E8: =IF(D8="","",VLOOKUP(D8,Membres!$G$4:$H$22,2,FALSE())) -> Chef d'équipe GDS | F8: GIRAUDO Maxime | G8: MOUMPOSSA Leuveth Bonnel | H8: COALA
A9: =IF(Tâches!A5=0,"",Tâches!A5) -> 2 | B9: =IF(Tâches!B5="","",Tâches!B5) -> Retour Client | C9: Si Retour | D9: BARES Jérôme | E9: =IF(D9="","",VLOOKUP(D9,Membres!$G$4:$H$22,2,FALSE())) -> Inventoriste | F9: DEBAT Cédric | H9: TC
A10: =IF(Tâches!A6=0,"",Tâches!A6) -> 3 | B10: =IF(Tâches!B6="","",Tâches!B6) -> Charte Fraîcheur Fruits & Légumes | C10: Quotidien | D10: LAFFRAY Mathieu | E10: =IF(D10="","",VLOOKUP(D10,Membres!$G$4:$H$22,2,FALSE())) -> Inventoriste | F10: PRINCE Marie Laurence | G10: RIVIERE Thibaut | H10: TC | I10: En Binôme avec le Client
A11: =IF(Tâches!A7=0,"",Tâches!A7) -> 4 | B11: =IF(Tâches!B7="","",Tâches!B7) -> Analyses des manquants | C11: Quotidien | D11: MOUMPOSSA Leuveth Bonnel | E11: =IF(D11="","",VLOOKUP(D11,Membres!$G$4:$H$22,2,FALSE())) -> Inventoriste | H11: =IF(Tâches!D7="","",Tâches!D7)
A12: =IF(Tâches!A8=0,"",Tâches!A8) -> 5 | B12: =IF(Tâches!B8="","",Tâches!B8) -> Suivi comptage | C12: Quotidien | D12: COULIBALY Nafissatou | E12: =IF(D12="","",VLOOKUP(D12,Membres!$G$4:$H$22,2,FALSE())) -> Admin | F12: LAFFRAY Mathieu | G12: BOURGEOIS LIOTARD Elisabeth | H12: Application Inventaire
A13: =IF(Tâches!A9=0,"",Tâches!A9) -> 6 | B13: =IF(Tâches!B9="","",Tâches!B9) -> Gestion des DLC | C13: Quotidien | D13: PRINCE Marie Laurence | E13: =IF(D13="","",VLOOKUP(D13,Membres!$G$4:$H$22,2,FALSE())) -> Inventoriste | F13: LAFFRAY Mathieu | G13: PAYEN Patrick | H13: Application Gestion des DLC
A14: =IF(Tâches!A10=0,"",Tâches!A10) -> 7 | B14: =IF(Tâches!B10="","",Tâches!B10) -> Traitement de déchets | C14: Quotidien | D14: PRINCE Marie Laurence | E14: =IF(D14="","",VLOOKUP(D14,Membres!$G$4:$H$22,2,FALSE())) -> Inventoriste | F14: LAFFRAY Mathieu | G14: PAYEN Patrick | I14: Mail de ramassage le Mercredi
A15: =IF(Tâches!A11=0,"",Tâches!A11) -> 8 | B15: =IF(Tâches!B11="","",Tâches!B11) -> Vides / Pleins | C15: 1 fois / semaine | D15: TOUS | E15: =IF(D15="","",VLOOKUP(D15,Membres!$G$4:$H$22,2,FALSE())) | H15: =IF(Tâches!D11="","",Tâches!D11) | I15: Frais et Ambiant
A16: =IF(Tâches!A12=0,"",Tâches!A12) -> 9 | B16: =IF(Tâches!B12="","",Tâches!B12) -> Taux d'occupation | C16: Quotidien | D16: GIRAUDO Maxime | E16: =IF(D16="","",VLOOKUP(D16,Membres!$G$4:$H$22,2,FALSE())) -> Responsable du service GDS | F16: PAYEN Patrick | H16: Application Taux d'occupation
A17: =IF(Tâches!A13=0,"",Tâches!A13) -> 10 | B17: =IF(Tâches!B13="","",Tâches!B13) -> Traitement des Litiges-8 | C17: Si Litiges-8 | D17: TOUS | E17: =IF(D17="","",VLOOKUP(D17,Membres!$G$4:$H$22,2,FALSE())) | H17: =IF(Tâches!D13="","",Tâches!D13)
A18: =IF(Tâches!A14=0,"",Tâches!A14) -> 11 | B18: =IF(Tâches!B14="","",Tâches!B14) -> Suivi du Stock Dormant | C18: Quotidien | D18: GIRAUDO Maxime | E18: =IF(D18="","",VLOOKUP(D18,Membres!$G$4:$H$22,2,FALSE())) -> Responsable du service GDS | F18: PAYEN Patrick | H18: =IF(Tâches!D14="","",Tâches!D14)
A19: =IF(Tâches!A15=0,"",Tâches!A15) -> 12 | B19: =IF(Tâches!B15="","",Tâches!B15) -> Inventaire Alcool | C19: 1 fois / semaine | D19: SUAIRE Christophe | E19: =IF(D19="","",VLOOKUP(D19,Membres!$G$4:$H$22,2,FALSE())) -> Inventoriste | F19: BAMBA Mohamed | H19: Application Inventaire
A20: =IF(Tâches!A16=0,"",Tâches!A16) -> 13 | B20: =IF(Tâches!B16="","",Tâches!B16) -> Inventaire Boucherie | C20: Quotidien | D20: TOUS | E20: =IF(D20="","",VLOOKUP(D20,Membres!$G$4:$H$22,2,FALSE())) | H20: TC | I20: Sauf inventoristes F&L
A21: =IF(Tâches!A17=0,"",Tâches!A17) -> 14 | B21: =IF(Tâches!B17="","",Tâches!B17) -> Inventaire Charcuterie | C21: tous les deux jours | D21: TOUS | E21: =IF(D21="","",VLOOKUP(D21,Membres!$G$4:$H$22,2,FALSE())) | H21: TC | I21: Sauf inventoristes F&L
A22: =IF(Tâches!A18=0,"",Tâches!A18) -> 15 | B22: =IF(Tâches!B18="","",Tâches!B18) -> Inventaire La Marée | C22: Quotidien | E22: =IF(D22="","",VLOOKUP(D22,Membres!$G$4:$H$22,2,FALSE())) | H22: TC | I22: Juste après la réception par deux personnes attribuées à la Marée
A23: =IF(Tâches!A19=0,"",Tâches!A19) -> 16 | B23: =IF(Tâches!B19="","",Tâches!B19) -> Inventaire autres GA | C23: Planning | D23: TOUS | E23: =IF(D23="","",VLOOKUP(D23,Membres!$G$4:$H$22,2,FALSE())) | H23: TC
A24: =IF(Tâches!A20=0,"",Tâches!A20) -> 17 | B24: =IF(Tâches!B20="","",Tâches!B20) -> Inventaire zone de Masse | C24: 1 fois / semaine | D24: TOUS | E24: =IF(D24="","",VLOOKUP(D24,Membres!$G$4:$H$22,2,FALSE())) | H24: TC
A25: =IF(Tâches!A21=0,"",Tâches!A21) -> 18 | B25: =IF(Tâches!B21="","",Tâches!B21) -> Inventaire zone Sugelé | C25: Quotidien | D25: OBACH Océane | E25: =IF(D25="","",VLOOKUP(D25,Membres!$G$4:$H$22,2,FALSE())) -> Inventoriste/Cariste | F25: BOUTINEAUD Lucas
A26: =IF(Tâches!A22=0,"",Tâches!A22) -> 19 | B26: =IF(Tâches!B22="","",Tâches!B22) -> Gestion des consommables | C26: =IF(Tâches!C22="","",Tâches!C22) | D26: BOHIN Nicolas | E26: =IF(D26="","",VLOOKUP(D26,Membres!$G$4:$H$22,2,FALSE())) -> Inventoriste | H26: =IF(Tâches!D22="","",Tâches!D22)
A27: =IF(Tâches!A23=0,"",Tâches!A23) -> 20 | B27: =IF(Tâches!B23="","",Tâches!B23) -> Inventaire <1 Anticipation ruptures | C27: Quotidien | D27: COURILLON Jean-Michel | E27: =IF(D27="","",VLOOKUP(D27,Membres!$G$4:$H$22,2,FALSE())) -> Inventoriste | F27: BAMBA Mohamed | G27: OBACH Océane | H27: Application Ruptures
A28: =IF(Tâches!A24=0,"",Tâches!A24) -> 21 | B28: =IF(Tâches!B24="","",Tâches!B24) -> Optimisation DLC Frais | C28: Quotidien | E28: =IF(D28="","",VLOOKUP(D28,Membres!$G$4:$H$22,2,FALSE())) | H28: =IF(Tâches!D24="","",Tâches!D24) | I28: Réception en Mise en Stock
A29: =IF(Tâches!A25=0,"",Tâches!A25) -> 22 | B29: =IF(Tâches!B25="","",Tâches!B25) -> Optimisation Picking et Réserve Ambiant/Frais | C29: Quotidien | D29: BAMBA Mohamed | E29: =IF(D29="","",VLOOKUP(D29,Membres!$G$4:$H$22,2,FALSE())) -> Inventoriste/Cariste | H29: =IF(Tâches!D25="","",Tâches!D25)
A30: =IF(Tâches!A26=0,"",Tâches!A26) -> 23 | B30: =IF(Tâches!B26="","",Tâches!B26) -> Optimisation Picking et Réserve Surgelé | C30: Quotidien | D30: OBACH Océane | E30: =IF(D30="","",VLOOKUP(D30,Membres!$G$4:$H$22,2,FALSE())) -> Inventoriste/Cariste | F30: BOUTINEAUD Lucas | H30: Application BBD
A31: =IF(Tâches!A27=0,"",Tâches!A27) -> 24 | B31: =IF(Tâches!B27="","",Tâches!B27) -> Transferts de marchandises | C31: Si demande client | D31: BAMBA Mohamed | E31: =IF(D31="","",VLOOKUP(D31,Membres!$G$4:$H$22,2,FALSE())) -> Inventoriste/Cariste | F31: SUAIRE Christophe | H31: TC | I31: Mail client
A32: =IF(Tâches!A28=0,"",Tâches!A28) -> 25 | B32: =IF(Tâches!B28="","",Tâches!B28) -> Déphasage Mdépot MMS | C32: Quotidien | D32: MOUMPOSSA Leuveth Bonnel | E32: =IF(D32="","",VLOOKUP(D32,Membres!$G$4:$H$22,2,FALSE())) -> Inventoriste | F32: PAYEN Patrick | H32: Application GEGC
A33: =IF(Tâches!A29=0,"",Tâches!A29) -> 26 | B33: =IF(Tâches!B29="","",Tâches!B29) -> Contrôle des détrompeurs | C33: Quotidien | D33: LENESTOUR Riki | E33: =IF(D33="","",VLOOKUP(D33,Membres!$G$4:$H$22,2,FALSE())) -> Inventoriste/Cariste | F33: COURILLON Jean-Michel
A34: =IF(Tâches!A30=0,"",Tâches!A30) -> 27 | B34: =IF(Tâches!B30="","",Tâches!B30) -> Entretien des QR CODE | C34: Quotidien | D34: COULIBALY Nafissatou | E34: =IF(D34="","",VLOOKUP(D34,Membres!$G$4:$H$22,2,FALSE())) -> Admin | F34: PAYEN Patrick | H34: =IF(Tâches!D30="","",Tâches!D30)
A35: =IF(Tâches!A31=0,"",Tâches!A31) -> 28 | B35: =IF(Tâches!B31="","",Tâches!B31) -> Facing DLC | C35: Quotidien | D35: LENESTOUR Riki | E35: =IF(D35="","",VLOOKUP(D35,Membres!$G$4:$H$22,2,FALSE())) -> Inventoriste/Cariste | F35: COURILLON Jean-Michel | H35: TC
A36: =IF(Tâches!A32=0,"",Tâches!A32) -> 29 | B36: =IF(Tâches!B32="","",Tâches!B32) -> Saisie des inventaires | C36: Quotidien | D36: COULIBALY Nafissatou | E36: =IF(D36="","",VLOOKUP(D36,Membres!$G$4:$H$22,2,FALSE())) -> Admin | F36: LAFFRAY Mathieu | G36: MOUMPOSSA Leuveth Bonnel | H36: PC
A37: =IF(Tâches!A33=0,"",Tâches!A33) -> 30 | B37: =IF(Tâches!B33="","",Tâches!B33) -> Synthèse de fin de journée | C37: Quotidien | D37: COULIBALY Nafissatou | E37: =IF(D37="","",VLOOKUP(D37,Membres!$G$4:$H$22,2,FALSE())) -> Admin | F37: LAFFRAY Mathieu | G37: BOURGEOIS LIOTARD Elisabeth | H37: Application Team-email-manager
A38: =IF(Tâches!A34=0,"",Tâches!A34) -> 31 | B38: =IF(Tâches!B34="","",Tâches!B34) -> Traitement des Cross Dock au Picking | C38: Quotidien | D38: PRINCE Marie Laurence | E38: =IF(D38="","",VLOOKUP(D38,Membres!$G$4:$H$22,2,FALSE())) -> Inventoriste | F38: LAFFRAY Mathieu | H38: TC | I38: En Binôme avec le Client
A39: =IF(Tâches!A35=0,"",Tâches!A35) -> 32 | B39: =IF(Tâches!B35="","",Tâches!B35) -> Contrôle des Cross Dock | C39: Quotidien | D39: PAYEN Patrick | E39: =IF(D39="","",VLOOKUP(D39,Membres!$G$4:$H$22,2,FALSE())) -> Chef d'équipe GDS | H39: PC
A41: Validé par le directeur de site :
A43: Date : | E43: Signature :

Sheet Membres
A1: LISTE DES MEMBRES DE L'ÉQUIPE GDS
A3: N° | B3: Nom | C3: Prénom | D3: Poste | E3: Secteur
A4: 1 | B4: GIRAUDO | C4: Maxime | D4: Responsable du service GDS | G4: GIRAUDO Maxime | H4: Responsable du service GDS
A5: 2 | B5: PAYEN | C5: Patrick | D5: Chef d'équipe GDS | G5: PAYEN Patrick | H5: Chef d'équipe GDS
A6: 3 | B6: BAMBA | C6: Mohamed | D6: Inventoriste/Cariste | G6: BAMBA Mohamed | H6: Inventoriste/Cariste
A7: 4 | B7: BARES | C7: Jérôme | D7: Inventoriste | G7: BARES Jérôme | H7: Inventoriste
A8: 5 | B8: BOHIN | C8: Nicolas | D8: Inventoriste | G8: BOHIN Nicolas | H8: Inventoriste
A9: 6 | B9: BOURGEOIS LIOTARD | C9: Elisabeth | D9: Inventoriste | G9: BOURGEOIS LIOTARD Elisabeth | H9: Inventoriste
A10: 7 | B10: BOUTINEAUD | C10: Lucas | D10: Inventoriste/Cariste | E10: Surgelé | G10: BOUTINEAUD Lucas | H10: Inventoriste/Cariste
A11: 8 | B11: COULIBALY | C11: Nafissatou | D11: Admin | G11: COULIBALY Nafissatou | H11: Admin
A12: 9 | B12: COURILLON | C12: Jean-Michel | D12: Inventoriste | G12: COURILLON Jean-Michel | H12: Inventoriste
A13: 10 | B13: DEBAT | C13: Cédric | D13: Inventoriste | G13: DEBAT Cédric | H13: Inventoriste
A14: 11 | B14: LAFFRAY | C14: Mathieu | D14: Inventoriste | G14: LAFFRAY Mathieu | H14: Inventoriste
A15: 12 | B15: LENESTOUR | C15: Riki | D15: Inventoriste/Cariste | G15: LENESTOUR Riki | H15: Inventoriste/Cariste
A16: 13 | B16: MASMOUA | C16: Mehdi | D16: Inventoriste | G16: MASMOUA Mehdi | H16: Inventoriste
A17: 14 | B17: MOUMPOSSA | C17: Leuveth Bonnel | D17: Inventoriste | G17: MOUMPOSSA Leuveth Bonnel | H17: Inventoriste
A18: 15 | B18: OBACH | C18: Océane | D18: Inventoriste/Cariste | E18: Surgelé | G18: OBACH Océane | H18: Inventoriste/Cariste
A19: 16 | B19: PRINCE | C19: Marie Laurence | D19: Inventoriste | G19: PRINCE Marie Laurence | H19: Inventoriste
A20: 17 | B20: RIVIERE | C20: Thibaut | D20: Inventoriste | G20: RIVIERE Thibaut | H20: Inventoriste
A21: 18 | B21: SUAIRE | C21: Christophe | D21: Inventoriste | G21: SUAIRE Christophe | H21: Inventoriste
A22: 18 | B22: TOUS | G22: TOUS | H22: =" "

Sheet Tâches
A1: LISTE DES TÂCHES GDS
A3: N° | B3: Tâche | C3: Périodicité | D3: Outil
A4: 1 | B4: Alerte et Retrait
A5: 2 | B5: Retour Client
A6: 3 | B6: Charte Fraîcheur Fruits & Légumes
A7: 4 | B7: Analyses des manquants
A8: 5 | B8: Suivi comptage
A9: 6 | B9: Gestion des DLC
A10: 7 | B10: Traitement de déchets
A11: 8 | B11: Vides / Pleins
A12: 9 | B12: Taux d'occupation
A13: 10 | B13: Traitement des Litiges-8
A14: 11 | B14: Suivi du Stock Dormant
A15: 12 | B15: Inventaire Alcool
... A35: 32 | B35: Contrôle des Cross Dock
